fecha,nombre,Giro,Entidad,RIESGOS_ASEG_VIG,NUM_SIN_O_RECLAMACION,PRIMA_EMI,SUMA_ASEG,Ventas,fecha_corte,Ramo
31/01/25,Seguros Centauro,"Salud (incluye Individual, Grupo y Colectivo)",Ciudad de M√©xico,219754,5017,4669598,19999240469,4244193,31/03/25,Aseguradora
29/02/24,BBVA Bancomer Seguros Salud,"Salud (incluye Individual, Grupo y Colectivo)",Ciudad de M√©xico,2875,1590,2098326,151955000,736781,31/03/25,Banco
31/10/24,Plan Seguro,"Salud (incluye Individual, Grupo y Colectivo)",Ciudad de M√©xico,9017,7687,480466382,2.80325E+11,239465777,31/03/25,Aseguradora
31/10/24,General de Salud,"Salud (incluye Individual, Grupo y Colectivo)",Ciudad de M√©xico,14806,19996,43122461,55906902000,136434558,31/03/25,Aseguradora
30/09/24,AXA Salud,"Salud (incluye Individual, Grupo y Colectivo)",Ciudad de M√©xico,1205090,380606,607794648,4.82036E+12,228900693,31/03/25,Aseguradora
31/10/24,Qualitas Salud,"Salud (incluye Individual, Grupo y Colectivo)",Ciudad de M√©xico,9773,77,7125818,1149353190,540872,31/03/25,Aseguradora
31/12/23,AXA Salud,"Salud (incluye Individual, Grupo y Colectivo)",Ciudad de M√©xico,1737722,498606,582121466,8.46062E+12,390398081,31/03/25,Aseguradora
31/12/23,General de Salud,"Salud (incluye Individual, Grupo y Colectivo)",Ciudad de M√©xico,25269,16577,386079100,1.16481E+11,172663350,31/03/25,Aseguradora
31/01/24,Sofìa Salud,"Salud (incluye Individual, Grupo y Colectivo)",Ciudad de M√©xico,6327,71364,10043449,34374500000,6138414,31/03/25,Aseguradora en linea
31/10/24,Seguros Centauro,"Salud (incluye Individual, Grupo y Colectivo)",Ciudad de M√©xico,246720,56130,66750653,22469876860,46159668,31/03/25,Aseguradora
31/10/24,BBVA Bancomer Seguros Salud,"Salud (incluye Individual, Grupo y Colectivo)",Ciudad de M√©xico,2686,9004,8116274,143665000,2531613,31/03/25,Banco
31/10/24,Sofìa Salud,"Salud (incluye Individual, Grupo y Colectivo)",Ciudad de M√©xico,9773,126973,100234855,61767500000,65326540,31/03/25,Aseguradora en linea
31/10/24,Medi Access Seguros de Salud,"Salud (incluye Individual, Grupo y Colectivo)",Ciudad de M√©xico,23145,16259,191570778,9246573355,41432183,31/03/25,Aseguradora en linea
31/10/24,Dentegra Seguros Dentales,"Salud (incluye Individual, Grupo y Colectivo)",Ciudad de M√©xico,267754,3542,59442168,7502254200,11512641,31/03/25,Aseguradora en linea
31/10/24,BUPA Mexico,"Salud (incluye Individual, Grupo y Colectivo)",Ciudad de M√©xico,1,0,8199,100000,0,31/03/25,Aseguradora en linea
31/10/24,AXA Salud,"Salud (incluye Individual, Grupo y Colectivo)",Ciudad de M√©xico,1205671,415816,624864770,4.82268E+12,281391057,31/03/25,Aseguradora
31/10/24,Odontored Seguros Dentales,"Salud (incluye Individual, Grupo y Colectivo)",Ciudad de M√©xico,2937978,37652,65090122,59310000,4380332,31/03/25,Aseguradora en linea
31/01/24,Odontored Seguros Dentales,"Salud (incluye Individual, Grupo y Colectivo)",Ciudad de M√©xico,2468345,3862,3038262,48505180,463456,31/03/25,Aseguradora en linea
31/01/24,Medi Access Seguros de Salud,"Salud (incluye Individual, Grupo y Colectivo)",Ciudad de M√©xico,21536,1525,8477569,6260127165,4623402,31/03/25,Aseguradora en linea
31/01/24,BBVA Bancomer Seguros Salud,"Salud (incluye Individual, Grupo y Colectivo)",Ciudad de M√©xico,2448,649,1182227,131870000,313823,31/03/25,Banco
29/02/24,Odontored Seguros Dentales,"Salud (incluye Individual, Grupo y Colectivo)",Ciudad de M√©xico,5335970,7302,8667217,49495180,845290,31/03/25,Aseguradora en linea
30/06/24,General de Salud,"Salud (incluye Individual, Grupo y Colectivo)",Ciudad de M√©xico,15870,8521,35283890,56937870000,80638094,31/03/25,Aseguradora
31/03/24,Medi Access Seguros de Salud,"Salud (incluye Individual, Grupo y Colectivo)",Ciudad de M√©xico,21409,4851,24808001,6463338306,12314487,31/03/25,Aseguradora en linea
31/03/24,Sofìa Salud,"Salud (incluye Individual, Grupo y Colectivo)",Ciudad de M√©xico,7163,82300,29518650,41129500000,16118482,31/03/25,Aseguradora en linea
30/11/24,Plan Seguro,"Salud (incluye Individual, Grupo y Colectivo)",Ciudad de M√©xico,8910,8534,528276333,2.78096E+11,267024729,31/03/25,Aseguradora
31/12/24,AXA Salud,"Salud (incluye Individual, Grupo y Colectivo)",Ciudad de M√©xico,1177346,502696,642071527,4.70938E+12,323500438,31/03/25,Aseguradora
30/11/24,BUPA Mexico,"Salud (incluye Individual, Grupo y Colectivo)",Ciudad de M√©xico,1,0,8199,100000,0,31/03/25,Aseguradora en linea
30/11/24,Qualitas Salud,"Salud (incluye Individual, Grupo y Colectivo)",Ciudad de M√©xico,9853,80,7302945,1133595742,551033,31/03/25,Aseguradora
30/11/24,AXA Salud,"Salud (incluye Individual, Grupo y Colectivo)",Ciudad de M√©xico,1159195,459825,622779902,4.63678E+12,298453574,31/03/25,Aseguradora
30/11/24,General de Salud,"Salud (incluye Individual, Grupo y Colectivo)",Ciudad de M√©xico,15573,21400,44241695,59258340000,147905835,31/03/25,Aseguradora
30/11/24,Odontored Seguros Dentales,"Salud (incluye Individual, Grupo y Colectivo)",Ciudad de M√©xico,2837489,42710,68849367,59647500,4924516,31/03/25,Aseguradora en linea
31/12/24,Odontored Seguros Dentales,"Salud (incluye Individual, Grupo y Colectivo)",Ciudad de M√©xico,5532502,46554,85571170,58567500,5386708,31/03/25,Aseguradora en linea
31/08/24,Qualitas Salud,"Salud (incluye Individual, Grupo y Colectivo)",Ciudad de M√©xico,7372,59,1251923,1443886677,507585,31/03/25,Aseguradora
31/07/24,Qualitas Salud,"Salud (incluye Individual, Grupo y Colectivo)",Ciudad de M√©xico,7338,56,1171379,1437018994,397220,31/03/25,Aseguradora
30/06/24,Qualitas Salud,"Salud (incluye Individual, Grupo y Colectivo)",Ciudad de M√©xico,7251,83,868376,1410977555,349086,31/03/25,Aseguradora
30/11/24,BBVA Bancomer Seguros Salud,"Salud (incluye Individual, Grupo y Colectivo)",Ciudad de M√©xico,2721,9004,8168098,145345000,2507625,31/03/25,Banco
31/12/24,Dentegra Seguros Dentales,"Salud (incluye Individual, Grupo y Colectivo)",Ciudad de M√©xico,271034,4072,70108509,7069414200,13681133,31/03/25,Aseguradora en linea
31/12/24,BBVA Bancomer Seguros Salud,"Salud (incluye Individual, Grupo y Colectivo)",Ciudad de M√©xico,2749,9812,8220698,146990000,2704860,31/03/25,Banco
31/12/24,BUPA Mexico,"Salud (incluye Individual, Grupo y Colectivo)",Ciudad de M√©xico,1,0,8199,100000,0,31/03/25,Aseguradora en linea
31/12/24,Sofìa Salud,"Salud (incluye Individual, Grupo y Colectivo)",Ciudad de M√©xico,10395,140481,125822878,66703000000,81075024,31/03/25,Aseguradora en linea
31/12/24,Medi Access Seguros de Salud,"Salud (incluye Individual, Grupo y Colectivo)",Ciudad de M√©xico,22638,20383,240925337,10774145239,51097268,31/03/25,Aseguradora en linea
31/12/24,Seguros Centauro,"Salud (incluye Individual, Grupo y Colectivo)",Ciudad de M√©xico,234683,67406,88599465,21621831467,55352473,31/03/25,Aseguradora
31/07/24,Medi Access Seguros de Salud,"Salud (incluye Individual, Grupo y Colectivo)",Ciudad de M√©xico,23434,11259,56830889,7555175174,27468512,31/03/25,Aseguradora en linea
30/09/24,Plan Seguro,"Salud (incluye Individual, Grupo y Colectivo)",Ciudad de M√©xico,8726,6658,426337784,2.79219E+11,213232013,31/03/25,Aseguradora
30/09/24,Dentegra Seguros Dentales,"Salud (incluye Individual, Grupo y Colectivo)",Ciudad de M√©xico,264895,3160,53101131,7251989900,10170294,31/03/25,Aseguradora en linea
30/09/24,BBVA Bancomer Seguros Salud,"Salud (incluye Individual, Grupo y Colectivo)",Ciudad de M√©xico,2728,7922,7870842,143080000,2265217,31/03/25,Banco
30/09/24,Qualitas Salud,"Salud (incluye Individual, Grupo y Colectivo)",Ciudad de M√©xico,7492,85,1378919,1500617540,530520,31/03/25,Aseguradora
30/09/24,BUPA Mexico,"Salud (incluye Individual, Grupo y Colectivo)",Ciudad de M√©xico,1,0,8199,100000,0,31/03/25,Aseguradora en linea
30/09/24,Odontored Seguros Dentales,"Salud (incluye Individual, Grupo y Colectivo)",Ciudad de M√©xico,2928831,34771,64043386,58930000,4023607,31/03/25,Aseguradora en linea
30/09/24,General de Salud,"Salud (incluye Individual, Grupo y Colectivo)",Ciudad de M√©xico,15208,18388,42027546,58696852500,120463361,31/03/25,Aseguradora
31/08/24,Medi Access Seguros de Salud,"Salud (incluye Individual, Grupo y Colectivo)",Ciudad de M√©xico,23608,12875,74399525,8156580533,32346193,31/03/25,Aseguradora en linea
31/08/24,BBVA Bancomer Seguros Salud,"Salud (incluye Individual, Grupo y Colectivo)",Ciudad de M√©xico,2761,7135,7792713,144915000,2129581,31/03/25,Banco
31/08/24,AXA Salud,"Salud (incluye Individual, Grupo y Colectivo)",Ciudad de M√©xico,1220784,341074,599571799,4.88314E+12,224188993,31/03/25,Aseguradora
31/08/24,General de Salud,"Salud (incluye Individual, Grupo y Colectivo)",Ciudad de M√©xico,15193,16570,40144931,55539866667,108104042,31/03/25,Aseguradora
31/08/24,Seguros Centauro,"Salud (incluye Individual, Grupo y Colectivo)",Ciudad de M√©xico,249204,44712,58572436,22763145738,36824280,31/03/25,Aseguradora
31/08/24,Plan Seguro,"Salud (incluye Individual, Grupo y Colectivo)",Ciudad de M√©xico,9199,6099,381768736,2.81937E+11,191351802,31/03/25,Aseguradora
31/08/24,BUPA Mexico,"Salud (incluye Individual, Grupo y Colectivo)",Ciudad de M√©xico,1,0,8199,100000,0,31/03/25,Aseguradora en linea
31/08/24,Odontored Seguros Dentales,"Salud (incluye Individual, Grupo y Colectivo)",Ciudad de M√©xico,2933639,30420,63015442,58212500,3486852,31/03/25,Aseguradora en linea
31/01/25,Sofìa Salud,"Salud (incluye Individual, Grupo y Colectivo)",Ciudad de M√©xico,10694,148685,13156076,68924500000,9193880,31/03/25,Aseguradora en linea
31/12/24,Plan Seguro,"Salud (incluye Individual, Grupo y Colectivo)",Ciudad de M√©xico,8755,8540,570795193,2.75124E+11,293859861,31/03/25,Aseguradora
31/12/24,General de Salud,"Salud (incluye Individual, Grupo y Colectivo)",Ciudad de M√©xico,15023,23188,47752559,58198052500,160560945,31/03/25,Aseguradora
31/08/24,Dentegra Seguros Dentales,"Salud (incluye Individual, Grupo y Colectivo)",Ciudad de M√©xico,267837,10821,51742283,7323944900,8978334,31/03/25,Aseguradora en linea
30/11/24,Sofìa Salud,"Salud (incluye Individual, Grupo y Colectivo)",Ciudad de M√©xico,10130,133623,112256777,64590000000,72249526,31/03/25,Aseguradora en linea
30/11/24,Dentegra Seguros Dentales,"Salud (incluye Individual, Grupo y Colectivo)",Ciudad de M√©xico,273168,3803,61041566,7311824200,12430562,31/03/25,Aseguradora en linea
30/11/24,Seguros Centauro,"Salud (incluye Individual, Grupo y Colectivo)",Ciudad de M√©xico,245398,61865,68132880,22310588270,50842312,31/03/25,Aseguradora
30/11/24,Medi Access Seguros de Salud,"Salud (incluye Individual, Grupo y Colectivo)",Ciudad de M√©xico,23048,17973,202430957,9809897617,45991338,31/03/25,Aseguradora en linea
31/12/24,Qualitas Salud,"Salud (incluye Individual, Grupo y Colectivo)",Ciudad de M√©xico,9881,90,8113533,1162337324,619590,31/03/25,Aseguradora
29/02/24,Sofìa Salud,"Salud (incluye Individual, Grupo y Colectivo)",Ciudad de M√©xico,6647,76609,17900266,36435000000,10693393,31/03/25,Aseguradora en linea
31/12/23,Plan Seguro,"Salud (incluye Individual, Grupo y Colectivo)",Ciudad de M√©xico,9288,10029,561118963,2.76578E+11,298866998,31/03/25,Aseguradora
29/02/24,Seguros Centauro,"Salud (incluye Individual, Grupo y Colectivo)",Ciudad de M√©xico,242853,9746,10650278,22442543932,7888257,31/03/25,Aseguradora
31/07/24,Seguros Centauro,"Salud (incluye Individual, Grupo y Colectivo)",Ciudad de M√©xico,241788,38245,53802602,22176499108,31623438,31/03/25,Aseguradora
31/03/24,Dentegra Seguros Dentales,"Salud (incluye Individual, Grupo y Colectivo)",Ciudad de M√©xico,219008,3890,16263956,7274424900,3134078,31/03/25,Aseguradora en linea
31/03/24,Seguros Centauro,"Salud (incluye Individual, Grupo y Colectivo)",Ciudad de M√©xico,236024,15427,24244892,22024331208,12704528,31/03/25,Aseguradora
30/09/24,Medi Access Seguros de Salud,"Salud (incluye Individual, Grupo y Colectivo)",Ciudad de M√©xico,23609,14692,83202754,8763356131,37038252,31/03/25,Aseguradora en linea
31/01/24,Seguros Centauro,"Salud (incluye Individual, Grupo y Colectivo)",Ciudad de M√©xico,228664,4355,5287747,21009082301,3488113,31/03/25,Aseguradora
31/01/24,Dentegra Seguros Dentales,"Salud (incluye Individual, Grupo y Colectivo)",Ciudad de M√©xico,247384,1185,9897005,7327304900,932489,31/03/25,Aseguradora en linea
31/01/24,AXA Salud,"Salud (incluye Individual, Grupo y Colectivo)",Ciudad de M√©xico,1840497,43933,540935304,8.85597E+12,43350014,31/03/25,Aseguradora
31/01/24,Qualitas Salud,"Salud (incluye Individual, Grupo y Colectivo)",Ciudad de M√©xico,6724,6,280790,1197628483,-10689,31/03/25,Aseguradora
31/01/24,Plan Seguro,"Salud (incluye Individual, Grupo y Colectivo)",Ciudad de M√©xico,9215,1122,48490766,2.18603E+11,23849369,31/03/25,Aseguradora
31/01/24,General de Salud,"Salud (incluye Individual, Grupo y Colectivo)",Ciudad de M√©xico,25069,1742,7029031,1.26094E+11,14890860,31/03/25,Aseguradora
31/01/24,La Latinoamericana Seguros,"Salud (incluye Individual, Grupo y Colectivo)",Ciudad de M√©xico,0,0,0,0,0,31/03/25,Aseguradora
31/05/24,Plan Seguro,"Salud (incluye Individual, Grupo y Colectivo)",Ciudad de M√©xico,9119,4178,244228998,2.79639E+11,128624239,31/03/25,Aseguradora
31/05/24,AXA Salud,"Salud (incluye Individual, Grupo y Colectivo)",Ciudad de M√©xico,1333397,222209,550779057,5.50609E+12,169509418,31/03/25,Aseguradora
31/05/24,General de Salud,"Salud (incluye Individual, Grupo y Colectivo)",Ciudad de M√©xico,11002,7869,15162682,41948508438,69266881,31/03/25,Aseguradora
31/05/24,Odontored Seguros Dentales,"Salud (incluye Individual, Grupo y Colectivo)",Ciudad de M√©xico,2602213,18729,53587584,55462860,2153107,31/03/25,Aseguradora en linea
29/02/24,Plan Seguro,"Salud (incluye Individual, Grupo y Colectivo)",Ciudad de M√©xico,9020,1742,92290406,2.73692E+11,42283292,31/03/25,Aseguradora
29/02/24,AXA Salud,"Salud (incluye Individual, Grupo y Colectivo)",Ciudad de M√©xico,1677916,82715,548134410,8.18523E+12,80025426,31/03/25,Aseguradora
29/02/24,Qualitas Salud,"Salud (incluye Individual, Grupo y Colectivo)",Ciudad de M√©xico,6644,40,285851,1195583424,160493,31/03/25,Aseguradora
29/02/24,Medi Access Seguros de Salud,"Salud (incluye Individual, Grupo y Colectivo)",Ciudad de M√©xico,21766,3382,18178655,6432927599,8705867,31/03/25,Aseguradora en linea
29/02/24,Dentegra Seguros Dentales,"Salud (incluye Individual, Grupo y Colectivo)",Ciudad de M√©xico,249003,2474,12262497,7167009900,2023490,31/03/25,Aseguradora en linea
29/02/24,General de Salud,"Salud (incluye Individual, Grupo y Colectivo)",Ciudad de M√©xico,30838,3663,8244347,1.51312E+11,29664879,31/03/25,Aseguradora
31/03/25,BBVA Bancomer Seguros Salud,"Salud (incluye Individual, Grupo y Colectivo)",Ciudad de M√©xico,2813,2244,2351121,150755000,498951,31/03/25,Banco
31/03/25,Odontored Seguros Dentales,"Salud (incluye Individual, Grupo y Colectivo)",Ciudad de M√©xico,3493274,10143,6688789,62895000,1187309,31/03/25,Aseguradora en linea
31/03/25,AXA Salud,"Salud (incluye Individual, Grupo y Colectivo)",Ciudad de M√©xico,1403996,115635,599138241,6.95675E+12,74029970,31/03/25,Aseguradora
31/03/25,Qualitas Salud,"Salud (incluye Individual, Grupo y Colectivo)",Ciudad de M√©xico,10264,44,503821,1426674690,25778,31/03/25,Aseguradora
31/03/25,General de Salud,"Salud (incluye Individual, Grupo y Colectivo)",Ciudad de M√©xico,13676,4595,12933774,46731865000,30289572,31/03/25,Aseguradora
30/09/24,Seguros Centauro,"Salud (incluye Individual, Grupo y Colectivo)",Ciudad de M√©xico,248710,50567,60849030,22733102610,41531562,31/03/25,Aseguradora
31/12/23,Sofìa Salud,"Salud (incluye Individual, Grupo y Colectivo)",Ciudad de M√©xico,5988,65655,67419751,31934500000,40367739,31/03/25,Aseguradora en linea
31/12/23,BBVA Bancomer Seguros Salud,"Salud (incluye Individual, Grupo y Colectivo)",Ciudad de M√©xico,2738,9848,8071136,148155000,2466541,31/03/25,Banco
31/12/23,Qualitas Salud,"Salud (incluye Individual, Grupo y Colectivo)",Ciudad de M√©xico,6629,179,4429417,1173371396,7815197,31/03/25,Aseguradora
31/12/23,Medi Access Seguros de Salud,"Salud (incluye Individual, Grupo y Colectivo)",Ciudad de M√©xico,20051,17640,188067401,6240704112,45709271,31/03/25,Aseguradora en linea
31/12/23,Seguros Centauro,"Salud (incluye Individual, Grupo y Colectivo)",Ciudad de M√©xico,223275,49867,87604832,19350872529,39208655,31/03/25,Aseguradora
31/12/23,Dentegra Seguros Dentales,"Salud (incluye Individual, Grupo y Colectivo)",Ciudad de M√©xico,253877,17170,73379508,7561904800,14867790,31/03/25,Aseguradora en linea
31/12/23,Odontored Seguros Dentales,"Salud (incluye Individual, Grupo y Colectivo)",Ciudad de M√©xico,2493508,35354,78036146,47327680,4365010,31/03/25,Aseguradora en linea
31/03/25,Plan Seguro,"Salud (incluye Individual, Grupo y Colectivo)",Ciudad de M√©xico,8623,2285,137741403,2.72333E+11,103437484,31/03/25,Aseguradora
31/03/25,Seguros Centauro,"Salud (incluye Individual, Grupo y Colectivo)",Ciudad de M√©xico,231027,16784,23434195,21873789995,14712258,31/03/25,Aseguradora
31/01/25,BUPA Mexico,"Salud (incluye Individual, Grupo y Colectivo)",Ciudad de M√©xico,1,0,0,100000,0,31/03/25,Aseguradora en linea
31/01/25,AXA Salud,"Salud (incluye Individual, Grupo y Colectivo)",Ciudad de M√©xico,1176680,29955,582837319,4.70672E+12,44774360,31/03/25,Aseguradora
31/01/25,Plan Seguro,"Salud (incluye Individual, Grupo y Colectivo)",Ciudad de M√©xico,8640,944,60034974,2.09121E+11,32051079,31/03/25,Aseguradora
31/03/24,BBVA Bancomer Seguros Salud,"Salud (incluye Individual, Grupo y Colectivo)",Ciudad de M√©xico,2928,2575,2219926,154845000,1181522,31/03/25,Banco
31/03/24,AXA Salud,"Salud (incluye Individual, Grupo y Colectivo)",Ciudad de M√©xico,1994382,128533,543399085,9.43459E+12,66805046,31/03/25,Aseguradora
31/03/24,Qualitas Salud,"Salud (incluye Individual, Grupo y Colectivo)",Ciudad de M√©xico,7700,53,554911,1941065058,335096,31/03/25,Aseguradora
31/03/24,Odontored Seguros Dentales,"Salud (incluye Individual, Grupo y Colectivo)",Ciudad de M√©xico,3118858,10422,34525353,54972860,1213375,31/03/25,Aseguradora en linea
31/03/24,Plan Seguro,"Salud (incluye Individual, Grupo y Colectivo)",Ciudad de M√©xico,9025,2239,144662316,2.74268E+11,70944147,31/03/25,Aseguradora
31/03/24,General de Salud,"Salud (incluye Individual, Grupo y Colectivo)",Ciudad de M√©xico,30423,5096,9239219,4.45546E+11,49444682,31/03/25,Aseguradora
30/04/24,Dentegra Seguros Dentales,"Salud (incluye Individual, Grupo y Colectivo)",Ciudad de M√©xico,247181,5149,32702929,7113469900,4140548,31/03/25,Aseguradora en linea
30/04/24,Qualitas Salud,"Salud (incluye Individual, Grupo y Colectivo)",Ciudad de M√©xico,6999,62,453863,1241622053,301608,31/03/25,Aseguradora
30/04/24,Plan Seguro,"Salud (incluye Individual, Grupo y Colectivo)",Ciudad de M√©xico,8908,2929,185822848,2.71716E+11,90172252,31/03/25,Aseguradora
30/04/24,Odontored Seguros Dentales,"Salud (incluye Individual, Grupo y Colectivo)",Ciudad de M√©xico,3109292,14655,34176978,56585360,1708149,31/03/25,Aseguradora en linea
30/06/24,Medi Access Seguros de Salud,"Salud (incluye Individual, Grupo y Colectivo)",Ciudad de M√©xico,22867,9561,49137469,6820206854,24051215,31/03/25,Aseguradora en linea
30/04/24,Sofìa Salud,"Salud (incluye Individual, Grupo y Colectivo)",Ciudad de M√©xico,7716,88291,40006385,43101000000,24953716,31/03/25,Aseguradora en linea
30/06/24,Odontored Seguros Dentales,"Salud (incluye Individual, Grupo y Colectivo)",Ciudad de M√©xico,2615855,21995,56786254,56285360,2533584,31/03/25,Aseguradora en linea
30/06/24,BUPA Mexico,"Salud (incluye Individual, Grupo y Colectivo)",Ciudad de M√©xico,1,0,8199,100000,0,31/03/25,Aseguradora en linea
30/06/24,BBVA Bancomer Seguros Salud,"Salud (incluye Individual, Grupo y Colectivo)",Ciudad de M√©xico,2886,5238,2115105,152330000,1447807,31/03/25,Banco
30/04/24,Medi Access Seguros de Salud,"Salud (incluye Individual, Grupo y Colectivo)",Ciudad de M√©xico,21957,6785,31430633,6513813453,16113252,31/03/25,Aseguradora en linea
30/04/24,Seguros Centauro,"Salud (incluye Individual, Grupo y Colectivo)",Ciudad de M√©xico,236390,20909,26549290,21633531949,17367548,31/03/25,Aseguradora
31/03/25,Sofìa Salud,"Salud (incluye Individual, Grupo y Colectivo)",Ciudad de M√©xico,11716,161023,48585342,77098000000,27108287,31/03/25,Aseguradora en linea
31/03/25,Medi Access Seguros de Salud,"Salud (incluye Individual, Grupo y Colectivo)",Ciudad de M√©xico,23903,7061,29339212,14830117826,15303974,31/03/25,Aseguradora en linea
31/03/25,Dentegra Seguros Dentales,"Salud (incluye Individual, Grupo y Colectivo)",Ciudad de M√©xico,255857,4232,25605455,7535780700,3391449,31/03/25,Aseguradora en linea
30/04/24,BBVA Bancomer Seguros Salud,"Salud (incluye Individual, Grupo y Colectivo)",Ciudad de M√©xico,3045,3499,2390085,160850000,1168551,31/03/25,Banco
30/04/24,General de Salud,"Salud (incluye Individual, Grupo y Colectivo)",Ciudad de M√©xico,29600,6091,11649992,1.12293E+11,71616090,31/03/25,Aseguradora
30/04/24,AXA Salud,"Salud (incluye Individual, Grupo y Colectivo)",Ciudad de M√©xico,2089228,180593,557764325,9.79848E+12,129309089,31/03/25,Aseguradora
30/06/24,AXA Salud,"Salud (incluye Individual, Grupo y Colectivo)",Ciudad de M√©xico,1333569,264125,567062702,5.33432E+12,148720944,31/03/25,Aseguradora
31/05/24,Sofìa Salud,"Salud (incluye Individual, Grupo y Colectivo)",Ciudad de M√©xico,7981,94409,50913993,45876000000,31344541,31/03/25,Aseguradora en linea
30/06/24,Sofìa Salud,"Salud (incluye Individual, Grupo y Colectivo)",Ciudad de M√©xico,8498,100468,62049453,49477000000,36335457,31/03/25,Aseguradora en linea
31/05/24,Medi Access Seguros de Salud,"Salud (incluye Individual, Grupo y Colectivo)",Ciudad de M√©xico,22396,8103,41730022,6609105690,20573213,31/03/25,Aseguradora en linea
31/05/24,Seguros Centauro,"Salud (incluye Individual, Grupo y Colectivo)",Ciudad de M√©xico,244464,26625,29312050,22332165023,22145062,31/03/25,Aseguradora
31/05/24,Qualitas Salud,"Salud (incluye Individual, Grupo y Colectivo)",Ciudad de M√©xico,7135,91,679973,1368063280,397223,31/03/25,Aseguradora
31/05/24,Dentegra Seguros Dentales,"Salud (incluye Individual, Grupo y Colectivo)",Ciudad de M√©xico,247706,6500,36551378,7035799900,5305389,31/03/25,Aseguradora en linea
31/05/24,BBVA Bancomer Seguros Salud,"Salud (incluye Individual, Grupo y Colectivo)",Ciudad de M√©xico,2878,4432,2058370,151825000,1457336,31/03/25,Banco
30/06/24,Seguros Centauro,"Salud (incluye Individual, Grupo y Colectivo)",Ciudad de M√©xico,242498,32394,50085119,22158760134,26855041,31/03/25,Aseguradora
31/07/24,Sofìa Salud,"Salud (incluye Individual, Grupo y Colectivo)",Ciudad de M√©xico,8631,106802,68983335,50763000000,43017072,31/03/25,Aseguradora en linea
31/07/24,Dentegra Seguros Dentales,"Salud (incluye Individual, Grupo y Colectivo)",Ciudad de M√©xico,261458,9495,48727847,7168420600,7825104,31/03/25,Aseguradora en linea
31/07/24,BBVA Bancomer Seguros Salud,"Salud (incluye Individual, Grupo y Colectivo)",Ciudad de M√©xico,2352,6180,6776787,122580000,1756051,31/03/25,Banco
31/07/24,Odontored Seguros Dentales,"Salud (incluye Individual, Grupo y Colectivo)",Ciudad de M√©xico,2941340,26138,61258988,54782500,3008846,31/03/25,Aseguradora en linea
31/07/24,BUPA Mexico,"Salud (incluye Individual, Grupo y Colectivo)",Ciudad de M√©xico,1,0,8199,100000,0,31/03/25,Aseguradora en linea
31/07/24,AXA Salud,"Salud (incluye Individual, Grupo y Colectivo)",Ciudad de M√©xico,1316846,310332,595578855,5.26738E+12,214195768,31/03/25,Aseguradora
31/07/24,Plan Seguro,"Salud (incluye Individual, Grupo y Colectivo)",Ciudad de M√©xico,9263,5409,329964311,2.82914E+11,176540560,31/03/25,Aseguradora
31/07/24,General de Salud,"Salud (incluye Individual, Grupo y Colectivo)",Ciudad de M√©xico,14717,10566,38585393,53156800000,97615873,31/03/25,Aseguradora
30/06/24,Dentegra Seguros Dentales,"Salud (incluye Individual, Grupo y Colectivo)",Ciudad de M√©xico,258555,7889,41981206,7145004900,6520267,31/03/25,Aseguradora en linea
30/06/24,Plan Seguro,"Salud (incluye Individual, Grupo y Colectivo)",Ciudad de M√©xico,9275,4754,295106774,2.83123E+11,151340214,31/03/25,Aseguradora
31/08/24,Sofìa Salud,"Salud (incluye Individual, Grupo y Colectivo)",Ciudad de M√©xico,9069,113023,77564614,55581000000,50036820,31/03/25,Aseguradora en linea
30/09/24,Sofìa Salud,"Salud (incluye Individual, Grupo y Colectivo)",Ciudad de M√©xico,9469,119273,88793779,57904500000,56592756,31/03/25,Aseguradora en linea
31/01/25,Dentegra Seguros Dentales,"Salud (incluye Individual, Grupo y Colectivo)",Ciudad de M√©xico,273804,1402,15297937,7653795700,1100921,31/03/25,Aseguradora en linea
31/03/25,BUPA Mexico,"Salud (incluye Individual, Grupo y Colectivo)",Ciudad de M√©xico,1,0,0,100000,0,31/03/25,Aseguradora en linea
31/01/25,BBVA Bancomer Seguros Salud,"Salud (incluye Individual, Grupo y Colectivo)",Ciudad de M√©xico,2023,638,-11781,107330000,-76659,31/03/25,Banco
31/01/25,Medi Access Seguros de Salud,"Salud (incluye Individual, Grupo y Colectivo)",Ciudad de M√©xico,22935,2206,10156014,14773218895,4943859,31/03/25,Aseguradora en linea
31/01/25,General de Salud,"Salud (incluye Individual, Grupo y Colectivo)",Ciudad de M√©xico,13390,1282,8201181,45246432500,10260819,31/03/25,Aseguradora
31/01/25,Odontored Seguros Dentales,"Salud (incluye Individual, Grupo y Colectivo)",Ciudad de M√©xico,5239739,4130,1158408,59422500,428686,31/03/25,Aseguradora en linea
31/01/25,Qualitas Salud,"Salud (incluye Individual, Grupo y Colectivo)",Ciudad de M√©xico,10125,4,287388,1306692861,69294,31/03/25,Aseguradora
28/02/25,Sofìa Salud,"Salud (incluye Individual, Grupo y Colectivo)",Ciudad de M√©xico,11338,156462,30551653,75268500000,19281587,31/03/25,Aseguradora en linea
28/02/25,BUPA Mexico,"Salud (incluye Individual, Grupo y Colectivo)",Ciudad de M√©xico,1,0,0,100000,0,31/03/25,Aseguradora en linea
28/02/25,Seguros Centauro,"Salud (incluye Individual, Grupo y Colectivo)",Ciudad de M√©xico,224730,10745,8565833,21355264649,9296418,31/03/25,Aseguradora
28/02/25,Medi Access Seguros de Salud,"Salud (incluye Individual, Grupo y Colectivo)",Ciudad de M√©xico,24635,4526,22520636,14847028321,9353956,31/03/25,Aseguradora en linea
28/02/25,Odontored Seguros Dentales,"Salud (incluye Individual, Grupo y Colectivo)",Ciudad de M√©xico,3505914,7264,3715310,59652500,822747,31/03/25,Aseguradora en linea
28/02/25,Qualitas Salud,"Salud (incluye Individual, Grupo y Colectivo)",Ciudad de M√©xico,10245,35,380416,1345855692,37887,31/03/25,Aseguradora
28/02/25,AXA Salud,"Salud (incluye Individual, Grupo y Colectivo)",Ciudad de M√©xico,1315546,67731,581468172,6.60471E+12,57784892,31/03/25,Aseguradora
28/02/25,General de Salud,"Salud (incluye Individual, Grupo y Colectivo)",Ciudad de M√©xico,13485,2474,12113054,46870472500,20448261,31/03/25,Aseguradora
28/02/25,BBVA Bancomer Seguros Salud,"Salud (incluye Individual, Grupo y Colectivo)",Ciudad de M√©xico,2698,878,2130278,144395000,252304,31/03/25,Banco
28/02/25,Dentegra Seguros Dentales,"Salud (incluye Individual, Grupo y Colectivo)",Ciudad de M√©xico,284321,648,22423378,7715615700,2197870,31/03/25,Aseguradora en linea
28/02/25,Plan Seguro,"Salud (incluye Individual, Grupo y Colectivo)",Ciudad de M√©xico,8635,1473,98879372,2.72397E+11,52178685,31/03/25,Aseguradora